{
    "label": "Écrasement de testicules",
    "actions": {
      "Aucun": [],
      "Claque/Pression": [
        "Masser les testicules.",
        "2 claques sur les testicules.",
        "10 petites tapes légères sur les testicules.",
        "Presser les testicules pendant 15 secondes.",
        "3 claques sur les testicules.",
        "Étirer les testicules pendant 15 secondes.",
        "Donner des claques aux testicules pendant 10 secondes.",
        "Presser les testicules jusqu'au prochain tour.",
        "Presser les testicules pendant 10 secondes.",
        "Claques rapides sur les testicules pendant 15 secondes.",
        "Petite claque après que quelqu'un ait lancé les dés.",
        "5 claques sur les testicules.",
        "Retenir son souffle pendant 10 secondes tout en donnant des claques aux testicules.",
        "Claques sur les testicules.",
        "Masser les testicules pendant 15 secondes."
      ],
      "Coup/Écrasement": [
        "2 coups sur les testicules.",
        "Écraser les testicules.",
        "4 coups sur les testicules.",
        "Coups sur les testicules pendant 10 secondes.",
        "1 claque forte sur les testicules.",
        "5 claques sur les testicules.",
        "Écraser les testicules jusqu'au prochain tour.",
        "4 claques fortes sur les testicules."
      ],
      "Utiliser un objet": [
        "Donner des coups aux testicules.",
        "Écraser les testicules avec un objet.",
        "Claques sur les testicules pendant 15 secondes.",
        "5 claques fortes sur les testicules.",
        "Claque sur les testicules après que quelqu'un ait lancé les dés.",
        "2 claques sur les testicules avec un objet.",
        "Coups sur les testicules pendant 20 secondes.",
        "Écraser les testicules avec un objet.",
        "Claques rapides sur les testicules pendant 15 secondes avec un objet."
      ],
      "Aussi fort que possible": [
        "5 coups les plus forts possibles sur les testicules avec un objet.",
        "5 coups les plus forts possibles sur les testicules.",
        "Écraser les testicules aussi fort que possible.",
        "Coups forts sur les testicules pendant 20 secondes avec un objet.",
        "Tirer fort sur les testicules pendant 20 secondes."
      ]
    }
  }