{
    "label": "Jeu anal",
    "actions": {
      "Aucun": [],
      "Doigt(s)": [
        "Masser le trou.",
        "Insérer un doigt dans le trou.",
        "Écartez vos fesses.",
        "Doigter le trou.",
        "Frotter autour du trou.",
        "Insérer 2 doigts dans le trou.",
        "Claquer le trou pendant 15 secondes.",
        "Faire une baise avec les doigts.",
        "Multiples doigts dans le trou."
      ],
      "Dildo": [
        "Placer le jouet à l'entrée du trou.",
        "Insérer un jouet dans le trou.",
        "Baisez-vous avec le jouet pendant 10 secondes.",
        "Insérer le jouet.",
        "10 pénétrations lentes avec le jouet.",
        "20 pénétrations avec le jouet.",
        "5 pénétrations rapides avec le jouet.",
        "15 secondes de pénétrations rapides avec le jouet.",
        "Baisez le jouet pour le reste du jeu."
      ],
      "Étirement": [
        "Insérer un jouet + doigt(s).",
        "Baisez-vous avec un jouet plus gros.",
        "Enfoncez le jouet jusqu'au fond 15 fois.",
        "20 secondes de pénétrations rapides avec le jouet.",
        "Insérer le maximum de doigts en 30 secondes.",
        "Faites tourner le jouet à l'intérieur de vous 3 fois.",
        "Faites des exercices de Kegel pendant 30 secondes avec le gros jouet en vous.",
        "Baisez le jouet pour le reste du jeu."
      ],
      "Poing": [
        "Fister vous-même.",
        "Maintenir le poing à l'intérieur pendant 30 secondes.",
        "5 pénétrations lentes avec le poing.",
        "Fister jusqu'à la fin/éjaculation.",
        "10 pénétrations rapides avec le poing."
      ]
    }
  }