{
    "label": "Gooning",
    "actions": {
      "Aucun": [],
      "Masturbation": [
        "30 caresses lentes.",
        "Masturbez-vous aussi rapidement que possible pendant 30 secondes.",
        "Synchronisez vos mouvements avec votre respiration jusqu'à votre prochain tour.",
        "Appliquez du lubrifiant sur votre pénis.",
        "30 caresses associées à une respiration profonde.",
        "Frottez légèrement votre doigt sur votre pénis.",
        "Masturbez-vous avec votre main non dominante.",
        "Effectuez un exercice de Kegel à chaque mouvement jusqu'à votre prochain tour.",
        "30 caresses fermes.",
        "Crachez sur votre sexe.",
        "Masturbez-vous jusqu'à votre prochain tour tout en utilisant votre autre main sur une zone érogène."
      ],
      "Bordure": [
        "Amenez-vous au bord de l'orgasme.",
        "Masturbez-vous aussi rapidement que possible jusqu'à votre prochain tour.",
        "Amenez-vous au bord de l'orgasme deux fois.",
        "Retardez l'orgasme en utilisant votre main non dominante.",
        "Retardez l'orgasme en utilisant seulement quelques doigts.",
        "Retardez l'orgasme en utilisant toute votre main.",
        "Masturbez-vous rapidement jusqu'au bord de l'orgasme, puis maintenez un exercice de Kegel aussi longtemps que possible.",
        "Frottez votre périnée tout en vous masturbant."
      ],
      "Jouets": [
        "Utilisez un jouet sur votre sexe.",
        "Utilisez un jouet sur la tête de votre pénis.",
        "Utilisez lentement un jouet sur l'ensemble de votre sexe jusqu'à votre prochain tour.",
        "Utilisez le jouet tout en frottant une autre partie de votre corps.",
        "Utilisez un jouet sur votre sexe pendant 30 secondes les yeux fermés.",
        "Utilisez un jouet sur votre périnée."
      ]
    }
  }