{
    "label": "Entraînement de la gorge",
    "actions": {
      "Aucun": [],
      "Lécher le jouet": [
        "Lécher un jouet.",
        "Jouer avec le bout du jouet.",
        "Baigner le jouet avec la langue.",
        "Sucer le bout du jouet.",
        "Tracer la tête du jouet avec la langue.",
        "Lécher la tige du jouet.",
        "Jouer avec le bout du jouet pendant 15 secondes.",
        "Mouiller tout le jouet avec la langue."
      ],
      "Sucer le jouet": [
        "Sucer le jouet pendant 10 secondes.",
        "Tenir le jouet dans la bouche.",
        "Faire une gorge profonde avec le jouet.",
        "Sucer le jouet pendant 20 secondes.",
        "Sucer le jouet entre deux respirations.",
        "Faire un spectacle de succion du jouet.",
        "Donner des coups de langue sur le bout du jouet tout en suçant.",
        "Sucer la tête du jouet pendant 30 secondes."
      ],
      "Gorge profonde": [
        "Tenir le jouet dans la gorge pendant 5 secondes.",
        "Faire une gorge profonde avec le jouet entre deux respirations.",
        "Lécher les testicules tout en faisant une gorge profonde avec le jouet.",
        "Faire une gorge profonde avec le jouet pendant 10 secondes. Relâcher.",
        "10 gorges profondes avec le jouet.",
        "Sucer le jouet.",
        "Faire une gorge profonde avec le jouet."
      ],
      "Jeux de respiration": [
        "Gorge profonde avec le jouet pendant 20 secondes.",
        "Faire une gorge profonde avec le jouet aussi longtemps que possible.",
        "Faire une gorge profonde avec le jouet pendant 30 secondes.",
        "Compter jusqu'à 15 en faisant une gorge profonde avec le jouet.",
        "Cinq gorges profondes lentes avec le jouet jusqu'aux testicules."
      ]
    }
  }