{
    "label": "Torture des tétons",
    "actions": {
      "Aucun": [],
      "Pression/Frottement": [
        "Frotte tes tétons.",
        "Joue avec tes tétons.",
        "Tapote tes tétons.",
        "Presse tes tétons.",
        "Mouille tes tétons.",
        "Frotte tes tétons pendant 15 secondes.",
        "Claque tes tétons 10 fois.",
        "Presse tes tétons pendant 15 secondes."
      ],
      "Pincement/Tirage": [
        "Pince fort tes tétons.",
        "Tire sur tes tétons.",
        "Frotte tes tétons pendant 15 secondes.",
        "Torsade tes tétons dans les deux directions.",
        "Fais tourner tes tétons en faisant des mouvements circulaires.",
        "Sois dur avec tes tétons pendant 20 secondes."
      ],
      "Pinces/Toys": [
        "Place un jouet sur tes tétons pendant 10 secondes.",
        "Avec un jouet sur les tétons, tire dessus.",
        "Torsade tes tétons fort.",
        "Claque ton jouet sur tes tétons 10 fois.",
        "Sois dur avec tes tétons."
      ],
      "Aussi fort que possible": [
        "Pince tes tétons aussi fort que possible.",
        "Tire sur tes tétons aussi loin que tu peux.",
        "Torsade tes tétons jusqu'à ce que tu pleures.",
        "Masse tes tétons.",
        "Frappe ta poitrine/tétons."
      ]
    }
  }