{   
    "label": "Alcohol",
    "actions": {
        "None": [],
        "Sip/Drink": [
            "Sip your drink.",
            "Take a drink.",
            "Take 2 sips.",
            "Give a sip.",
            "Take a drink."
        ],
        "Shots": [
            "1 shot.",
            "Take 2 drinks.",
            "Give 1 shot.",
            "All drink.",
            "Take a drink."
        ],
        "Chug": [
            "Drink half your drink.",
            "Chug your drink.",
            "Take a drink.",
            "Take 2 shots.",
            "Have someone chug their drink.",
            "Give a drink."
        ]
    }
}