{   
    "label": "Butt Play",
    "actions": {
        "None": [],
        "Finger(s)": [
            "Have your butt rubbed by all other players.",
            "Massage your hole.",
            "Get fingered.",
            "Spread your ass for another player.",
            "Finger your hole.",
            "Rub around hole.",
            "Get 2 finger fucked.",
            "Flick your hole for 15 seconds",
            "Get 20 seconds of quick finger fucking.",
            "Multi-finger hole."
        ],
        "Toys/Fucking": [
            "Have someone rub their dick around your hole.",
            "Insert toy into hole.",
            "Get fucked for 30 seconds.",
            "Sit on someone's dick.",
            "Get 10 slow, deep fucks from another player.",
            "Get 20 fucks from a player.",
            "Get fucked doggy style.",
            "Get fucked while straddling someone.",
            "Show off fucking yourself with a toy for 15 seconds.",
            "15 fast toy fucks.",
            "Get deep fast fucked.",
            "Ride on another players dick until another action (for either)."
        ],
        "Stretch": [
            "Get fucked while also getting fingered",
            "Fuck yourself with larger toy.",
            "Bottom out your large toy 15x.",
            "Tease your hole with the tip of a large toy",
            "Work up to 4 fingers in you.",
            "Insert max fingers within 30 seconds.",
            "Spin toy inside you 3x.",
            "30 seconds kegels while large toy in you.",
            "Multiple full in and out fucks as fast and as hard as you can",
            "Have someone insert max fingers, then flick your prostate."
        ],
        "Fist": [
            "Get fisted.",
            "Try to lock someone's fist in you for 30 seconds.",
            "5 slow fist fucks.",
            "Masterbate while getting fisted",
            "10 rapid fist fucks."
        ]
    }
}
