{   
    "label": "Gooning",
    "actions": {
        "None": [],
        "Masturbation": [
            "Give another player 30 slow strokes",
            "Jerk another player as fast as you can for 30 seconds.",
            "Time your self strokes with your breathing until your next turn.",
            "Apply lube all players.",
            "Spend 30 seconds stroking up to 2 players.",
            "30 self strokes each paired with a deep breath.",
            "Lightly rub your finger over another player's dick.",
            "Jerk self with your non-dominant hand.",
            "Perform a kegal with every stroke until your next turn.",
            "30 self hard squeeze strokes.",
            "Spit on your cock.",
            "Jerk until your next turn while using your other hand on an errogenous zone.",
            "Stroke yourself and another player at the same time.",
            "Play with another player's genitals with both hands."
        ],
        "Edging": [
            "Bring yourself to the edge.",
            "Jerk off as quickly as you can until your next turn.",
            "Get yourself to the edge twice.",
            "Edge with your non-dominant hand.",
            "Bring another player to the edge.",
            "Edge using only a few fingers.",
            "Edge another player using your whole hand.",
            "Rapidly jerk to the edge, then hold a kegal as long as possible.",
            "Rub your perineum while jerking",
            "Rapidly edge a player with one hand while rubbing an errogenous zone with the other."
        ],
        "Toys": [
            "Use toy on your genital.",
            "Use a toy on another player's genital.",
            "Slowly use toy over entire cock until next turn.",
            "Use the toy on someone while also masterbating.",
            "Use toy on your cock for 30 seconds with eyes closed.",
            "Use toy on your perineum"
        ]
    }
}
