{   
    "label": "Piss Play",
    "actions": {
        "None": [],
        "Pee in a Cup": [
            "Drink water",
            "Have someone else drink water",
            "Pee in a container",
            "Gulp water",
            "Have someon else gulp water",
            "Smell your own pee",
            "Smell someone else's pee",
            "Pee in container",
            "Take a sip of water",
            "Have someone give you a container of their pee"
        ],
        "Peed on": [
            "Have someone pee on your body",
            "Pee on yourself",
            "Put cock and ball in piss container",
            "Gulp water",
            "Have someone pee on your face",
            "Pee on your own face",
            "Drink water"
        ],
        "Drink": [
            "Drink your piss",
            "Drink someone else's piss from a distance",
            "Drink piss directly with mouth on source",
            "Drink water",
            "Gulp water",
            "Try to pee in your mouth. Swallow."
        ]
    }
}