{   
    "label": "Poppers",
    "actions": {
        "None": [],
        "Beginner": [
            "1 hit.",
            "2 hits.",
            "1 deep hit.",
            "2 hits.",
            "3 hits.",
            "1 hit each nostril.",
            "2 deep hits.",
            "1 hit.",
            "2 quick hits."
        ],
        "Intermediate": [
            "3 hits.",
            "4 hits.",
            "2 hits per nostril.",
            "1 mouth hit.",
            "5 seconds mouth hit.",
            "4 hits.",
            "Hit 5 seconds. Hold 5 seconds.",
            "5 quick hits."
        ],
        "Advance": [
            "10 seconds hit & hold.",
            "4 mouth hits.",
            "Hit and hold as long as you can.",
            "Breathe with popper sock/mask 15 seconds.",
            "8 hits.",
            "4 mouth hits.",
            "6 deep hits.",
            "5 hits each side.",
            "8s hit & hold."
        ]
    }
}