{   
    "label": "Throat Training",
    "actions": {
        "None": [],
        "Lick dick": [
            "Lick a dick",
            "Play with the dick tip",
            "Tongue bathe a player's dick.",
            "Suck dick tip.",
            "Trace dick head with tongue",
            "Get dick slapped several times.",
            "Lick dick shaft",
            "Play with tip of dick for 15 seconds.",
            "Wet whole dick with tongue"
        ],
        "Suck dick": [
            "Suck dick for 10 seconds.",
            "Hold dick in mouth.",
            "Fuck your mouth",
            "Suck dick for 20 seconds.",
            "Suck dick between short breaths.",
            "Put on a show sucking dick.",
            "Get face fucked.",
            "Flick head tip with tongue while sucking.",
            "Suck head of dick for 30 seconds."
        ],
        "Deepthroat": [
            "Hold dick in your throat for 5 seconds.",
            "Deepthroat between breaths.",
            "Lick balls while deep throating.",
            "Deepthroat 10 seconds. Release.",
            "10 deepthroats.",
            "Suck dick",
            "Get throat fucked."
        ],
        "Breath Play": [
            "Deepthroat for 20 seconds.",
            "Deep throat as long as you can.",
            "Deepthroat fucking for 30 seconds.",
            "deepthroating fucked for 15 seconds.",
            "Slow deepthroat 5 times down to balls."
        ]
    }
}
