{   
    "label": "Tit Torture",
    "actions": {
        "None": [],
        "Squeeze/Rub": [
            "Rub your nipples.",
            "Have your nipples played with.",
            "Flick your nipples.",
            "Squeeze your nipples.",
            "Have your nipples sucked.",
            "Rub your nipples for 15 seconds.",
            "Have your nipples flicked 10x",
            "Have your nipples squeezed/rubbed for 15 seconds."
        ],
        "Pinch/Pull": [
            "Pinch your nipples hard",
            "Have your nipples sucked hard.",
            "Pull your nipples",
            "Have your nipples nibbled on.",
            "Have someone pull your nipples",
            "Rub your nipples for 15 seconds.",
            "Have your nipples twitted in both directions.",
            "Do a helicopter with your nipples while pulling them.",
            "Get rough with your nipples for 20 seconds.",
            "Have another player bite your nipples."
        ],
        "Clips/Toys": [
            "Toy to your nips for 10 seconds",
            "With toy on nipples, pull them.",
            "Twist your nipples hard.",
            "Flick your tit toy 10x.",
            "Get rough with your nipples."
        ],
        "As Hard As Possible": [
            "Have your nipples pinched as hard as possible.",
            "Have your nipples pulled as far as you can handle.",
            "Get your nipples twisted you cry out.",
            "Break. Get a nice nipple suck/massage.",
            "Beat your chest/nipples."
        ]
    }
}
