{
    "label": "Alcool",
    "actions": {
      "Aucune": [],
      "Boire": [
        "Prendre une gorgée de votre boisson.",
        "Boire une gorgée.",
        "Prendre 2 gorgées.",
        "Donner une gorgée.",
        "Boire une gorgée."
      ],
      "Shots": [
        "1 shot.",
        "Prendre 2 gorgées.",
        "Donner 1 shot.",
        "Tous boire.",
        "Boire une gorgée."
      ],
      "Boire cul sec": [
        "Boire la moitié de votre boisson.",
        "Boire cul sec.",
        "Prendre une gorgée",
        "Prendre 2 shots.",
        "Faire boire quelqu'un cul sec.",
        "Donner une boisson"
      ]
    }
  }