{
    "label": "Jeu anal",
    "actions": {
      "Aucun": [],
      "Doigt(s)": [
        "Faites-vous caresser les fesses par tous les autres joueurs.",
        "Massez votre trou.",
        "Faites-vous doigter.",
        "Écartez vos fesses pour un autre joueur.",
        "Doigter votre trou.",
        "Frottez autour du trou.",
        "Faites-vous baiser par deux doigts.",
        "Claquez votre trou pendant 15 secondes.",
        "Obtenez 20 secondes de doigtage rapide.",
        "Doigtage multi-trous."
      ],
      "Jouets/Baise": [
        "Faites-vous frotter le pénis autour de votre trou.",
        "Insérez un jouet dans votre trou.",
        "Faites-vous baiser pendant 30 secondes.",
        "Asseyez-vous sur le pénis de quelqu'un.",
        "Recevez 10 pénétrations lentes et profondes d'un autre joueur.",
        "Recevez 20 pénétrations d'un joueur.",
        "Montrez-vous en train de vous baiser avec un jouet pendant 15 secondes.",
        "15 pénétrations rapides avec un jouet.",
        "Faites-vous baiser profondément et rapidement.",
        "Chevauchez le pénis d'un autre joueur jusqu'à une autre action (pour l'un ou l'autre)."
      ],
      "Étirement": [
        "Faites-vous baiser tout en vous faisant doigter.",
        "Baisez-vous avec un jouet plus gros.",
        "Enfoncez votre grand jouet jusqu'au fond 15 fois.",
        "Travaillez jusqu'à 4 doigts en vous.",
        "Insérez le maximum de doigts en 30 secondes.",
        "Tournez le jouet à l'intérieur de vous 3 fois.",
        "Kegels pendant 30 secondes avec le grand jouet en vous.",
        "Faites-vous insérer le maximum de doigts, puis stimulez votre prostate."
      ],
      "Poing": [
        "Faites-vous fister.",
        "Essayez de garder le poing de quelqu'un en vous pendant 30 secondes.",
        "5 pénétrations lentes avec le poing.",
        "Masturbez-vous tout en vous faisant fister.",
        "10 pénétrations rapides avec le poing."
      ]
    }
  }