{
    "label": "Gooning",
    "actions": {
      "Aucun": [],
      "Masturbation": [
        "Donnez à un autre joueur 30 caresses lentes",
        "Masturbez un autre joueur aussi rapidement que possible pendant 30 secondes.",
        "Synchronisez vos mouvements avec votre respiration jusqu'à votre prochain tour.",
        "Appliquez du lubrifiant sur tous les joueurs.",
        "Passez 30 secondes à masturber jusqu'à 2 joueurs.",
        "30 caresses en vous associées à une respiration profonde.",
        "Frottez légèrement votre doigt sur le pénis d'un autre joueur.",
        "Masturbez-vous avec votre main non dominante.",
        "Faites un exercice de Kegel à chaque mouvement jusqu'à votre prochain tour.",
        "30 caresses fermes en vous.",
        "Crachez sur votre sexe.",
        "Masturbez-vous jusqu'à votre prochain tour tout en utilisant votre autre main sur une zone érogène.",
        "Masturbez-vous et un autre joueur en même temps.",
        "Jouez avec les parties génitales d'un autre joueur avec les deux mains."
      ],
      "Bordure": [
        "Amenez-vous au bord de l'orgasme.",
        "Masturbez-vous aussi rapidement que possible jusqu'à votre prochain tour.",
        "Amenez-vous au bord de l'orgasme deux fois.",
        "Retardez l'orgasme en utilisant votre main non dominante.",
        "Amenez un autre joueur au bord de l'orgasme.",
        "Retardez l'orgasme en utilisant seulement quelques doigts.",
        "Retardez l'orgasme d'un autre joueur en utilisant toute votre main.",
        "Masturbez-vous rapidement jusqu'au bord de l'orgasme, puis maintenez un exercice de Kegel aussi longtemps que possible.",
        "Frottez votre périnée tout en vous masturbant.",
        "Retardez rapidement l'orgasme d'un joueur d'une main tout en frottant une zone érogène de l'autre main."
      ],
      "Jouets": [
        "Utilisez un jouet sur vos parties génitales.",
        "Utilisez un jouet sur les parties génitales d'un autre joueur.",
        "Utilisez lentement un jouet sur l'ensemble de votre sexe jusqu'à votre prochain tour.",
        "Utilisez le jouet sur quelqu'un tout en vous masturbant.",
        "Utilisez un jouet sur votre sexe pendant 30 secondes les yeux fermés.",
        "Utilisez un jouet sur votre périnée."
      ]
    }
  }