{
    "label": "Entraînement de la gorge",
    "actions": {
      "Aucun": [],
      "Lécher le pénis": [
        "Lécher un pénis.",
        "Jouer avec le bout du pénis.",
        "Baigner le pénis avec la langue.",
        "Sucer le bout du pénis.",
        "Tracer la tête du pénis avec la langue.",
        "Se faire gifler la bite plusieurs fois",
        "Lécher la tige du pénis.",
        "Jouer avec le bout du pénis pendant 15 secondes.",
        "Mouiller tout le pénis avec la langue."
      ],
      "Sucer le pénis": [
        "Sucer le pénis pendant 10 secondes.",
        "Tenir le pénis dans la bouche.",
        "Faire une gorge profonde.",
        "Sucer le pénis pendant 20 secondes.",
        "Sucer le pénis entre deux respirations.",
        "Faire un spectacle de succion du pénis.",
        "Se faire baiser la bouche.",
        "Donner des coups de langue sur le bout de la tête tout en suçant.",
        "Sucer la tête du pénis pendant 30 secondes."
      ],
      "Gorge profonde": [
        "Tenir le pénis dans la gorge pendant 5 secondes.",
        "Faire une gorge profonde entre deux respirations.",
        "Lécher les testicules tout en faisant une gorge profonde.",
        "Faire une gorge profonde pendant 10 secondes. Relâcher.",
        "10 gorges profondes.",
        "Sucer le pénis.",
        "Se faire baiser la gorge."
      ],
      "Jeux de respiration": [
        "Gorge profonde pendant 20 secondes.",
        "Faire une gorge profonde aussi longtemps que possible.",
        "Gorge profonde pendant 30 secondes.",
        "Faire une gorge profonde tout en étant baisé pendant 15 secondes.",
        "Cinq gorges profondes lentes jusqu'aux testicules."
      ]
    }
  }