{
    "label": "Torture des tétons",
    "actions": {
      "Aucun": [],
      "Pression/Frottement": [
        "Frotte tes tétons.",
        "Joue avec tes tétons.",
        "Tapote tes tétons.",
        "Presse tes tétons.",
        "Fais sucer tes tétons.",
        "Frotte tes tétons pendant 15 secondes.",
        "Fais claquer tes tétons 10 fois.",
        "Presse/frotte tes tétons pendant 15 secondes."
      ],
      "Pincement/Tirage": [
        "Pince fort tes tétons.",
        "Fais sucer fort tes tétons.",
        "Tire sur tes tétons.",
        "Fais mordiller tes tétons.",
        "Fais tirer tes tétons par quelqu'un d'autre.",
        "Frotte tes tétons pendant 15 secondes.",
        "Fais tourner tes tétons dans les deux directions.",
        "Fais tourner tes tétons en faisant des mouvements circulaires.",
        "Sois dur avec tes tétons pendant 20 secondes.",
        "Fais mordre tes tétons par un autre joueur."
      ],
      "Pinces/Toys": [
        "Attache des pinces à tes tétons pendant 10 secondes.",
        "Avec des pinces sur tes tétons, tire dessus.",
        "Torsade tes tétons fort.",
        "Fais claquer ton jouet sur tes tétons 10 fois.",
        "Sois dur avec tes tétons."
      ],
      "Aussi fort que possible": [
        "Fais pincer tes tétons aussi fort que possible.",
        "Fais tirer tes tétons aussi loin que tu peux supporter.",
        "Fais tourner tes tétons jusqu'à ce que tu cries.",
        "Repose-toi. Fais-toi sucer/masser les tétons.",
        "Frappe ta poitrine/tétons."
      ]
    }
  }