{   
    "label": "Butt Play",
    "actions": {
        "None": [],
        "Finger(s)": [
            "Massage hole",
            "Hotdog your hole with finger.",
            "Spread your ass.",
            "Finger hole.",
            "Rub around hole.",
            "Insert 2 fingers in hole.",
            "Flick hole for 15 seconds",
            "Finger fuck hole.",
            "Multi-finger hole."
        ],
        "Dildo": [
            "Toy on the edge of hole.",
            "Insert toy into hole.",
            "Fuck yourself with toy 10 seconds.",
            "Insert toy.",
            "10 Slow toy fucks.",
            "20 toy fucks.",
            "5 Rapid toy fucks.",
            "Put dildo on floor or wall and fuck it.",
            "15 seconds fast toy fucks.",
            "Fuck toy for remaining game"
        ],
        "Stretch": [
            "Insert toy + finger(s).",
            "Fuck yourself with larger toy.",
            "Bottom out your toy 15x.",
            "20 seconds rapid toy fucks.",
            "Insert max fingers within 30 seconds.",
            "Tease your hole with the tip of a large toy",
            "Spin toy inside you 3x.",
            "30 seconds kegels while large toy in you.",
            "Multiple full in and out fucks as fast and as hard as you can",
            "Fuck toy for remaining game."
        ],
        "Fist": [
            "Fist yourself.",
            "Hold fist in 30 seconds.",
            "5 slow fist fucks.",
            "Fist fuck until end/cum.",
            "10 rapid fist fucks."
        ]
    }
}