{   
    "label": "Gooning",
    "actions": {
        "None": [],
        "Masturbation": [
            "30 slow strokes.",
            "Jerk as fast as you can for 30 seconds.",
            "Time your strokes with your breathing until your next turn.",
            "Apply lube to your dick.",
            "30 strokes each paired with a deep breath.",
            "Lightly rub your finger over your dick.",
            "Jerk with your non-dominant hand.",
            "Perform a kegal with every stroke until your next turn.",
            "30 hard squeeze strokes.",
            "Spit on your cock.",
            "Jerk until your next turn while using your other hand on an errogenous zone."
        ],
        "Edging": [
            "Bring yourself to the edge.",
            "Jerk off as quickly as you can until your next turn.",
            "Get to the edge twice.",
            "Edge with your non-dominant hand.",
            "Edge using only a few fingers.",
            "Edge using your whole hand.",
            "Rapidly jerk to the edge, then hold a kegal as long as possible.",
            "Rub your perineum while jerking"
        ],
        "Toys": [
            "Use toy on your shaft.",
            "Use toy on your cock head.",
            "Slowly use toy over entire cock until next turn.",
            "Use the toy while also rubbing another part of your body.",
            "Use toy on your cock for 30 seconds with eyes closed.",
            "Use toy on your perineum"
        ]
    }
}