{   
    "label": "Piss Play",
    "actions": {
        "None": [],
        "Pee in a Cup": [
            "Drink water",
            "Pee in a container",
            "Gulp water",
            "Smell your own pee",
            "Pee in container",
            "Take a sip of water"
        ],
        "Pee on self": [
            "Pee on yourself",
            "Pee on your face",
            "Put cock and ball in piss container",
            "Gulp water",
            "Pour piss container on yourself",
            "Drink water"
        ],
        "Drink": [
            "Drink your piss",
            "Drink water",
            "Gulp water",
            "Try to pee in your mouth. Swallow."
        ]
    }
}