{   
    "label": "Throat Training",
    "actions": {
        "None": [],
        "Lick Toy": [
            "Lick a toy",
            "Play with the toy tip",
            "Tongue bathe toy.",
            "Suck toy tip.",
            "Trace toy head with tongue",
            "Lick toy shaft",
            "Play with tip of toy for 15 seconds.",
            "Wet whole toy with tongue"
        ],
        "Suck Toy": [
            "Suck toy for 10 seconds.",
            "Hold toy in mouth.",
            "Fuck your mouth",
            "Suck toy for 20 seconds.",
            "Suck toy between breaths.",
            "Put on a show sucking toy.",
            "Flick toy tip with tongue while sucking.",
            "Suck head of toy for 30 seconds."
        ],
        "Deepthroat": [
            "Hold toy in your throat for 5 seconds.",
            "Deepthroat between breaths.",
            "Lick balls while deepthroating.",
            "Deepthroat 10 seconds. Release.",
            "10 deepthroats.",
            "Suck toy",
            "Deepthroat."
        ],
        "Breath Play": [
            "Deepthroat for 20 seconds.",
            "Deep throat as long as you can.",
            "Deepthroat fucking for 30 seconds.",
            "Count 15 seconds while deepthroating.",
            "Slow deepthroat 5 times down to balls."
        ]
    }
}
