{   
    "label": "Tit Torture",
    "actions": {
        "None": [],
        "Squeeze/Rub": [
            "Rub your tits.",
            "Play with tits.",
            "Flick your tits.",
            "Squeeze your tits.",
            "Wet your tits",
            "Rub your tits for 15 seconds.",
            "Flick your tits 10x",
            "Squeeze your tits for 15 seconds."
        ],
        "Pinch/Pull": [
            "Pinch your tits hard",
            "Pull your tits",
            "Rub your tits for 15 seconds.",
            "Twist your tits in both directions.",
            "Do a helicopter with your tits while pulling them.",
            "Get rough with your tits for 20 seconds."
        ],
        "Clips/Toys": [
            "Toy to your nips for 10 seconds",
            "With toy on tits, pull them.",
            "Twist your tits hard.",
            "Flick your tit toy 10x.",
            "Get rough with your tits."
        ],
        "As Hard As Possible": [
            "Pinch your tits as hard as possible.",
            "Pull those tits as far as you can.",
            "Twist your tits until you cry.",
            "Massage your tits.",
            "Beat your chest/tits."
        ]
    }
}